Word,Training comments,Hate rate (%),Non-hate comments
nunu,23,100.0,0
pula,40,97.5,1
khanki,40,97.5,1
kankir,33,96.96969696969697,1
khankir,117,96.58119658119658,4
polara,23,95.65217391304348,1
notir,42,95.23809523809524,2
kuttar,123,94.3089430894309,7
magir,116,93.96551724137932,7
pola,220,89.54545454545455,23
put,46,89.1304347826087,5
putki,73,89.04109589041096,8
kutta,105,88.57142857142857,12
jaroj,61,88.52459016393442,7
baler,41,87.8048780487805,5
madari,32,87.5,4
magi,76,86.84210526315789,10
bachha,22,86.36363636363636,3
baal,29,86.20689655172414,4
kulangar,40,85.0,6
kothakar,20,85.0,3
dalaler,37,83.78378378378379,6
batper,48,83.33333333333333,8
dalal,621,83.09178743961353,105
batpar,115,82.6086956521739,20
cata,23,82.6086956521739,4
chata,84,82.14285714285714,15
therapi,28,82.14285714285714,5
madar,28,82.14285714285714,5
kottar,50,82.0,9
baccha,180,81.11111111111111,34
harami,20,80.0,4
chamcha,20,80.0,4
pituni,24,79.16666666666667,5
bacca,98,78.57142857142857,21
abal,37,78.37837837837837,8
kukur,46,78.26086956521739,10
dhon,23,78.26086956521739,5
bassa,55,78.18181818181819,12
paa,27,77.77777777777777,6
mor,27,77.77777777777777,6
januar,22,77.27272727272727,5
jutar,35,77.14285714285714,8
mirjafor,30,76.66666666666667,7
halar,68,76.47058823529412,16
shala,102,75.49019607843137,25
kete,53,75.47169811320755,13
baz,20,75.0,5
bacha,84,75.0,21
salar,68,75.0,17
bolod,24,75.0,6
gale,20,75.0,5
janoyar,23,73.91304347826087,6
bal,192,72.91666666666667,52
thu,22,72.72727272727273,6
pitano,29,72.41379310344827,8
faltu,194,72.16494845360825,54
dim,161,72.04968944099379,45
janowar,25,72.0,7
sala,265,71.69811320754717,75
jonmer,21,71.42857142857143,6
hoga,21,71.42857142857143,6
shalar,28,71.42857142857143,8
khor,48,70.83333333333333,14
kotta,27,70.37037037037037,8
juta,127,70.07874015748031,38
dalali,110,70.0,33
bachcha,23,69.56521739130434,7
jota,36,69.44444444444444,11
hala,113,69.02654867256638,35
pagla,29,68.96551724137932,9
gorom,66,68.18181818181819,21
halare,22,68.18181818181819,7
pitiye,21,66.66666666666667,7
sagol,57,66.66666666666667,19
soytan,45,66.66666666666667,15
vuya,27,66.66666666666667,9
janoar,41,65.85365853658537,14
soitan,32,65.625,11
pita,64,65.625,22
level,29,65.51724137931035,10
duita,23,65.21739130434783,8
khabi,23,65.21739130434783,8
badi,51,64.70588235294117,18
pathano,34,64.70588235294117,12
dolai,36,63.888888888888886,13
beiman,22,63.63636363636363,8
salare,33,63.63636363636363,12
therapy,46,63.04347826086956,17
pagol,263,62.73764258555133,98
pabna,59,62.71186440677966,22
mare,80,62.5,30
nirlojjo,34,61.76470588235294,13
mal,60,61.666666666666664,23
mental,46,60.869565217391305,18
maira,74,60.810810810810814,29
haram,28,60.714285714285715,11
gulare,25,60.0,10
size,20,60.0,8
