Word,Training comments,Hate comments,Hate rate (%)
kuttar,130,122,93.84615384615384
hijra,6,5,83.33333333333334
kukur,68,56,82.35294117647058
baccha,233,179,76.82403433476395
pagol,311,184,59.163987138263664
meye,246,141,57.3170731707317
mota,32,17,53.125
tore,245,130,53.06122448979592
tui,954,487,51.0482180293501
lomba,6,3,50.0
christian,2,1,50.0
bihari,2,1,50.0
khato,2,1,50.0
tor,1323,642,48.52607709750567
mohila,162,76,46.913580246913575
chele,124,52,41.935483870967744
kalo,12,5,41.66666666666667
muslim,42,15,35.714285714285715
india,253,88,34.78260869565217
awami,573,194,33.85689354275742
jamaat,9,3,33.33333333333333
patla,3,1,33.33333333333333
hindu,60,18,30.0
china,22,6,27.27272727272727
bnp,678,161,23.74631268436578
pakistan,89,18,20.224719101123593
buro,5,1,20.0
sarkar,48,9,18.75
adivasi,0,0,
bouddho,0,0,
