comment_id,clean_text,categories,words,rationale_a,rationale_a_nothing_hateful,rationale_b,rationale_b_nothing_hateful
test_02013,Police Maderchud khankirput mor tora magibaj 😡😡😡😡,"Personal Offense, Abusive/Violence","[""Police"", ""Maderchud"", ""khankirput"", ""mor"", ""tora"", ""magibaj"", ""😡😡😡😡""]","[0, 1, 1, 1, 1, 1, 1]",0,"[0, 1, 1, 1, 0, 1, 1]",0
test_03324,"Alhamdulillah, Kuttaliger sob gulo ke dhore dim dewa uchit","Political, Abusive/Violence","[""Alhamdulillah,"", ""Kuttaliger"", ""sob"", ""gulo"", ""ke"", ""dhore"", ""dim"", ""dewa"", ""uchit""]","[0, 1, 0, 0, 0, 0, 1, 1, 1]",0,"[0, 1, 0, 0, 0, 0, 1, 0, 0]",0
test_01770,Kuttar baccha ei shahosh koi paili? Ore neri kukur!!!,Abusive/Violence,"[""Kuttar"", ""baccha"", ""ei"", ""shahosh"", ""koi"", ""paili?"", ""Ore"", ""neri"", ""kukur!!!""]","[1, 1, 0, 0, 0, 0, 0, 1, 1]",0,"[1, 1, 0, 0, 0, 0, 0, 1, 1]",0
test_00179,Agey apnader mordhe indian gulare khuje ber koren,Misc,"[""Agey"", ""apnader"", ""mordhe"", ""indian"", ""gulare"", ""khuje"", ""ber"", ""koren""]","[0, 0, 0, 1, 1, 1, 1, 1]",0,"[0, 0, 0, 1, 1, 1, 0, 0]",0
test_03028,Hate this lockdown vaccine nibo na,Misc,"[""Hate"", ""this"", ""lockdown"", ""vaccine"", ""nibo"", ""na""]","[0, 0, 0, 0, 0, 0]",1,"[0, 0, 0, 0, 0, 0]",1
test_02052,Er confidence dekhe matha noshto,Misc,"[""Er"", ""confidence"", ""dekhe"", ""matha"", ""noshto""]","[0, 0, 0, 0, 0]",1,"[0, 0, 0, 0, 0]",1
test_02938,"Nah, tomra India banate chaichila..... amra 15 years allow korchim...then tomader khele dichi.akhon tomar next 10-15 years lukaiya thakba. Tomader din shesh, chatro jonotar bangladesh. Indiar dalali koro jao.","Political, Origin","[""Nah,"", ""tomra"", ""India"", ""banate"", ""chaichila....."", ""amra"", ""15"", ""years"", ""allow"", ""korchim...then"", ""tomader"", ""khele"", ""dichi.akhon"", ""tomar"", ""next"", ""10-15"", ""years"", ""lukaiya"", ""thakba."", ""Tomader"", ""din"", ""shesh,"", ""chatro"", ""jonotar"", ""bangladesh."", ""Indiar"", ""dalali"", ""koro"", ""jao.""]","[0, 0, 0, 0, 0, 0, 0, 0, 0, 0, 0, 1, 1, 0, 0, 0, 0, 0, 0, 0, 0, 0, 0, 0, 0, 1, 1, 1, 1]",0,"[0, 0, 1, 1, 1, 0, 0, 0, 0, 0, 0, 1, 0, 0, 0, 0, 0, 0, 0, 0, 0, 0, 0, 0, 0, 1, 1, 1, 1]",0
test_03557,Amn vabe titel dey....shalar kisui bolar nai...aita dhakar grammo shokol alakay amn hat hoy... Faltu shob reporter,Personal Offense,"[""Amn"", ""vabe"", ""titel"", ""dey....shalar"", ""kisui"", ""bolar"", ""nai...aita"", ""dhakar"", ""grammo"", ""shokol"", ""alakay"", ""amn"", ""hat"", ""hoy..."", ""Faltu"", ""shob"", ""reporter""]","[0, 0, 0, 0, 0, 0, 0, 0, 0, 0, 0, 0, 0, 0, 1, 1, 1]",0,"[0, 0, 0, 1, 0, 0, 0, 0, 1, 0, 0, 0, 0, 0, 0, 0, 0]",0
test_00107,Hasina r fasi chai khoni hasina Muslim r satru ❤,Religious,"[""Hasina"", ""r"", ""fasi"", ""chai"", ""khoni"", ""hasina"", ""Muslim"", ""r"", ""satru"", ""❤""]","[1, 1, 1, 1, 1, 1, 1, 1, 1, 0]",0,"[0, 0, 1, 1, 1, 1, 0, 0, 1, 0]",0
test_01873,Takar thakle koto cravings baire jai motki ekta,Body Shaming,"[""Takar"", ""thakle"", ""koto"", ""cravings"", ""baire"", ""jai"", ""motki"", ""ekta""]","[0, 0, 0, 0, 0, 0, 1, 1]",0,"[0, 0, 0, 0, 0, 0, 1, 0]",0
test_00003,Myb eta India cal parar meye,"Personal Offense, Origin","[""Myb"", ""eta"", ""India"", ""cal"", ""parar"", ""meye""]","[0, 0, 1, 1, 1, 1]",0,"[0, 0, 0, 1, 1, 1]",0
test_03237,Oi meyetar khub baro baro katha,Gender,"[""Oi"", ""meyetar"", ""khub"", ""baro"", ""baro"", ""katha""]",,,"[0, 0, 0, 1, 1, 1]",0
test_02244,Ekta khankirchele der desh ei Bangladesh.. khankirchele,"Personal Offense, Abusive/Violence","[""Ekta"", ""khankirchele"", ""der"", ""desh"", ""ei"", ""Bangladesh.."", ""khankirchele""]","[0, 1, 0, 0, 0, 0, 1]",0,"[0, 1, 0, 0, 0, 0, 1]",0
test_01653,ai meye viral hote chay sobai ariyee jan ai meye thake dekben raster kokor hoye gase,"Gender, Personal Offense","[""ai"", ""meye"", ""viral"", ""hote"", ""chay"", ""sobai"", ""ariyee"", ""jan"", ""ai"", ""meye"", ""thake"", ""dekben"", ""raster"", ""kokor"", ""hoye"", ""gase""]","[0, 0, 0, 0, 0, 0, 0, 0, 0, 0, 0, 0, 1, 1, 1, 1]",0,"[0, 1, 1, 1, 0, 0, 1, 0, 0, 0, 0, 0, 1, 1, 0, 0]",0
test_01985,Apnara o to chori korsen gush khaisen. Public ka haras korsen,Personal Offense,"[""Apnara"", ""o"", ""to"", ""chori"", ""korsen"", ""gush"", ""khaisen."", ""Public"", ""ka"", ""haras"", ""korsen""]","[0, 0, 0, 1, 1, 1, 1, 1, 1, 1, 1]",0,"[0, 0, 0, 1, 0, 1, 1, 0, 0, 1, 0]",0
test_01415,Kalllu hasnat mohis,Body Shaming,"[""Kalllu"", ""hasnat"", ""mohis""]","[1, 1, 1]",0,"[1, 0, 1]",0
test_03616,Dim... Ki dekte cawo.....nah dukate cawo😂,Abusive/Violence,"[""Dim..."", ""Ki"", ""dekte"", ""cawo.....nah"", ""dukate"", ""cawo😂""]","[1, 1, 1, 1, 1, 1]",0,"[1, 1, 1, 1, 1, 0]",0
test_02965,Oi khankir pola police namok kutta gular jonno santite raataii manus akhon chopte o pare na ora asob dehobebsahider theeke tk khai,Abusive/Violence,"[""Oi"", ""khankir"", ""pola"", ""police"", ""namok"", ""kutta"", ""gular"", ""jonno"", ""santite"", ""raataii"", ""manus"", ""akhon"", ""chopte"", ""o"", ""pare"", ""na"", ""ora"", ""asob"", ""dehobebsahider"", ""theeke"", ""tk"", ""khai""]","[0, 1, 1, 0, 0, 1, 1, 0, 0, 0, 0, 0, 0, 0, 0, 0, 0, 0, 1, 1, 1, 1]",0,"[0, 1, 1, 0, 0, 1, 0, 0, 0, 0, 0, 0, 1, 0, 0, 0, 0, 0, 1, 0, 0, 1]",0
test_02152,Sumon apnake valo jantam ekhon dekhi apni islam birodi😢😂😂,Religious,"[""Sumon"", ""apnake"", ""valo"", ""jantam"", ""ekhon"", ""dekhi"", ""apni"", ""islam"", ""birodi😢😂😂""]","[0, 0, 0, 0, 0, 0, 0, 1, 1]",0,"[0, 0, 0, 0, 0, 0, 0, 0, 1]",0
test_00613,"Aii potita k niea dim therapi den,","Gender, Abusive/Violence","[""Aii"", ""potita"", ""k"", ""niea"", ""dim"", ""therapi"", ""den,""]","[0, 1, 0, 0, 1, 1, 1]",0,"[0, 1, 0, 0, 1, 1, 1]",0
test_01719,Dalal comming Bangladesh tomer dalali er kober ace,Political,"[""Dalal"", ""comming"", ""Bangladesh"", ""tomer"", ""dalali"", ""er"", ""kober"", ""ace""]","[1, 0, 0, 0, 1, 0, 0, 0]",0,"[1, 0, 0, 0, 1, 0, 1, 1]",0
test_00530,Faltu headline diye distri akorson kno kortase... Direct bollei holo... Manus er srom bikri hoy,Personal Offense,"[""Faltu"", ""headline"", ""diye"", ""distri"", ""akorson"", ""kno"", ""kortase..."", ""Direct"", ""bollei"", ""holo..."", ""Manus"", ""er"", ""srom"", ""bikri"", ""hoy""]","[1, 1, 0, 0, 0, 0, 0, 0, 0, 0, 1, 1, 1, 1, 1]",0,"[1, 1, 0, 0, 0, 0, 0, 0, 0, 0, 1, 0, 1, 1, 0]",0
test_00391,"Icu full OT full 😢😢😢😢😢 ekhon, bujesi amader india ken ashe bangladeshi ra oh my God Rogider jibon koto oshohai emon Dr., kase allah tumi hifajot koro",Origin,"[""Icu"", ""full"", ""OT"", ""full"", ""😢😢😢😢😢"", ""ekhon,"", ""bujesi"", ""amader"", ""india"", ""ken"", ""ashe"", ""bangladeshi"", ""ra"", ""oh"", ""my"", ""God"", ""Rogider"", ""jibon"", ""koto"", ""oshohai"", ""emon"", ""Dr.,"", ""kase"", ""allah"", ""tumi"", ""hifajot"", ""koro""]",,,,
test_00822,police bgb army rab k ami ghanna kori toder bicher obosshoi hobe,Misc,"[""police"", ""bgb"", ""army"", ""rab"", ""k"", ""ami"", ""ghanna"", ""kori"", ""toder"", ""bicher"", ""obosshoi"", ""hobe""]","[0, 0, 0, 0, 0, 0, 1, 1, 0, 0, 0, 0]",0,"[0, 0, 0, 0, 0, 0, 1, 1, 0, 0, 0, 0]",0
test_03059,Oke dhore lathi therapy deoa hook,Abusive/Violence,"[""Oke"", ""dhore"", ""lathi"", ""therapy"", ""deoa"", ""hook""]","[1, 1, 1, 1, 0, 0]",0,"[0, 1, 1, 1, 0, 0]",0
test_00296,Ekhon jangi sarkar cholche,"Political, Religious","[""Ekhon"", ""jangi"", ""sarkar"", ""cholche""]","[0, 1, 1, 1]",0,"[0, 1, 1, 0]",0
test_01606,Etodin por bujco guta Kaye.....tmra Jodi age aivabe oikkojut Korte tahole amra ai soiracar k aro age hotate partam.....tmra sartopor,Misc,"[""Etodin"", ""por"", ""bujco"", ""guta"", ""Kaye.....tmra"", ""Jodi"", ""age"", ""aivabe"", ""oikkojut"", ""Korte"", ""tahole"", ""amra"", ""ai"", ""soiracar"", ""k"", ""aro"", ""age"", ""hotate"", ""partam.....tmra"", ""sartopor""]","[1, 1, 1, 1, 1, 0, 0, 0, 0, 0, 0, 0, 0, 1, 1, 1, 1, 1, 1, 1]",0,"[0, 0, 0, 1, 0, 0, 0, 0, 0, 0, 0, 0, 0, 1, 0, 0, 0, 0, 0, 1]",0
test_01169,Dalal dalal tui sumon dalal,Personal Offense,"[""Dalal"", ""dalal"", ""tui"", ""sumon"", ""dalal""]","[1, 1, 0, 0, 1]",0,"[1, 1, 0, 0, 1]",0
test_03061,Muslim hatao desh bachao,Religious,"[""Muslim"", ""hatao"", ""desh"", ""bachao""]","[1, 1, 0, 0]",0,"[0, 1, 1, 1]",0
test_01419,Ata hoilo Digital Bangladesh.. Akhon thika je koiboh taare juta dia 2 ta bari upohar dim,Abusive/Violence,"[""Ata"", ""hoilo"", ""Digital"", ""Bangladesh.."", ""Akhon"", ""thika"", ""je"", ""koiboh"", ""taare"", ""juta"", ""dia"", ""2"", ""ta"", ""bari"", ""upohar"", ""dim""]","[0, 0, 0, 0, 0, 0, 0, 0, 0, 1, 1, 1, 1, 1, 0, 0]",0,"[0, 0, 0, 0, 0, 0, 0, 0, 0, 1, 1, 0, 0, 0, 1, 1]",0
test_03632,Madrasar product......😂😂😂 kangu der r ekta kola mamoni 😂😂😂,"Religious, Gender, Personal Offense","[""Madrasar"", ""product......😂😂😂"", ""kangu"", ""der"", ""r"", ""ekta"", ""kola"", ""mamoni"", ""😂😂😂""]","[1, 1, 1, 1, 0, 0, 1, 1, 0]",0,"[0, 1, 1, 0, 0, 0, 1, 1, 1]",0
test_01647,Tora jonotar chakor.Toder eto boro gurda kemne re?Toder maa ki koira j Toder poida dise eta Allah tala e valo janen .,Misc,"[""Tora"", ""jonotar"", ""chakor.Toder"", ""eto"", ""boro"", ""gurda"", ""kemne"", ""re?Toder"", ""maa"", ""ki"", ""koira"", ""j"", ""Toder"", ""poida"", ""dise"", ""eta"", ""Allah"", ""tala"", ""e"", ""valo"", ""janen"", "".""]","[0, 1, 1, 1, 1, 1, 1, 1, 1, 0, 0, 0, 1, 1, 1, 0, 0, 0, 0, 0, 0, 0]",0,"[0, 0, 1, 0, 0, 1, 0, 0, 1, 0, 0, 0, 0, 1, 1, 0, 0, 0, 0, 0, 0, 0]",0
test_02492,Ore Dem terapi deya dorkar,Personal Offense,"[""Ore"", ""Dem"", ""terapi"", ""deya"", ""dorkar""]","[0, 1, 1, 0, 0]",0,"[0, 1, 1, 0, 0]",0
test_00568,Koto je natok korte pare ei mohilake dekhle buja jay,Gender,"[""Koto"", ""je"", ""natok"", ""korte"", ""pare"", ""ei"", ""mohilake"", ""dekhle"", ""buja"", ""jay""]","[0, 0, 1, 1, 1, 0, 1, 1, 1, 1]",0,"[0, 0, 1, 0, 0, 0, 1, 1, 1, 1]",0
test_00429,Sob student er ucit ei kulangar k gono pituni dewa.. Oi elakar student ra ki hate churi pore thake ...seta ekn buja jacce,"Personal Offense, Abusive/Violence","[""Sob"", ""student"", ""er"", ""ucit"", ""ei"", ""kulangar"", ""k"", ""gono"", ""pituni"", ""dewa.."", ""Oi"", ""elakar"", ""student"", ""ra"", ""ki"", ""hate"", ""churi"", ""pore"", ""thake"", ""...seta"", ""ekn"", ""buja"", ""jacce""]","[0, 0, 0, 0, 0, 1, 0, 1, 1, 0, 0, 0, 0, 0, 0, 0, 0, 0, 0, 0, 0, 0, 0]",0,"[0, 0, 0, 0, 0, 1, 1, 1, 1, 1, 0, 0, 0, 0, 0, 0, 1, 1, 0, 0, 0, 0, 0]",0
test_01706,Ai bokacho*a pagol hoiya gese😆Akekdin akek kahini niya ashe,"Personal Offense, Body Shaming","[""Ai"", ""bokacho*a"", ""pagol"", ""hoiya"", ""gese😆Akekdin"", ""akek"", ""kahini"", ""niya"", ""ashe""]","[0, 1, 1, 0, 1, 0, 0, 0, 0]",0,"[0, 1, 1, 1, 1, 0, 1, 0, 0]",0
test_02542,Ronny kon madar cod ato bosor ki bal felano hoase suni jara podh pease minimum 4-5 bosor lagbe,Abusive/Violence,"[""Ronny"", ""kon"", ""madar"", ""cod"", ""ato"", ""bosor"", ""ki"", ""bal"", ""felano"", ""hoase"", ""suni"", ""jara"", ""podh"", ""pease"", ""minimum"", ""4-5"", ""bosor"", ""lagbe""]","[0, 0, 1, 1, 0, 0, 0, 1, 1, 0, 0, 0, 0, 0, 0, 0, 0, 0]",0,"[0, 0, 1, 1, 0, 0, 0, 1, 1, 1, 0, 0, 0, 0, 0, 0, 0, 0]",0
test_00666,Inspector k dismiss kora hok satha satha oi inspector er naam a mamla kora hok,Abusive/Violence,"[""Inspector"", ""k"", ""dismiss"", ""kora"", ""hok"", ""satha"", ""satha"", ""oi"", ""inspector"", ""er"", ""naam"", ""a"", ""mamla"", ""kora"", ""hok""]","[0, 0, 1, 1, 1, 0, 0, 0, 0, 0, 0, 0, 1, 1, 1]",0,"[0, 0, 1, 1, 1, 0, 0, 0, 1, 1, 1, 1, 1, 1, 1]",0
test_01114,Lady HERO alom,"Gender, Personal Offense","[""Lady"", ""HERO"", ""alom""]","[1, 1, 1]",0,"[1, 1, 1]",0
test_03710,ore baba ai kane deki 2jon e Oli Awlia..,Religious,"[""ore"", ""baba"", ""ai"", ""kane"", ""deki"", ""2jon"", ""e"", ""Oli"", ""Awlia..""]",,,"[0, 0, 0, 0, 0, 0, 0, 0, 1]",0
test_02484,Bina vote boido halarput,"Political, Personal Offense","[""Bina"", ""vote"", ""boido"", ""halarput""]","[0, 0, 0, 1]",0,"[1, 1, 1, 1]",0
test_02724,Ei meye viral howar jonno paglami kortece,"Gender, Personal Offense","[""Ei"", ""meye"", ""viral"", ""howar"", ""jonno"", ""paglami"", ""kortece""]","[0, 0, 1, 1, 1, 1, 0]",0,"[0, 0, 1, 0, 0, 1, 0]",0
test_00606,Sala Otistic Motherboard,"Personal Offense, Body Shaming","[""Sala"", ""Otistic"", ""Motherboard""]","[1, 1, 1]",0,"[1, 1, 0]",0
test_02589,TU to jaroz,Personal Offense,"[""TU"", ""to"", ""jaroz""]","[0, 0, 1]",0,"[0, 0, 1]",0
test_00491,Toir jormo rastai hoise madir bassa,"Personal Offense, Origin","[""Toir"", ""jormo"", ""rastai"", ""hoise"", ""madir"", ""bassa""]","[1, 1, 1, 1, 1, 1]",0,"[0, 1, 1, 0, 1, 1]",0
test_02613,Baje desh Baje maush,Origin,"[""Baje"", ""desh"", ""Baje"", ""maush""]","[1, 1, 1, 1]",0,"[1, 1, 1, 1]",0
test_01274,"😂 tui ghuira ghuira mara kha ,,,","Personal Offense, Abusive/Violence","[""😂"", ""tui"", ""ghuira"", ""ghuira"", ""mara"", ""kha"", "",,,""]","[0, 0, 1, 1, 1, 1, 0]",0,"[0, 0, 1, 1, 1, 1, 0]",0
test_02479,Bangla desh akhon rajakarer deshe porinoto hoyece.,Origin,"[""Bangla"", ""desh"", ""akhon"", ""rajakarer"", ""deshe"", ""porinoto"", ""hoyece.""]","[0, 0, 0, 1, 1, 1, 1]",0,"[0, 0, 0, 1, 1, 1, 1]",0
test_02841,Kutta lig toder kotha ato kharap kulangar,Political,"[""Kutta"", ""lig"", ""toder"", ""kotha"", ""ato"", ""kharap"", ""kulangar""]","[1, 1, 0, 1, 1, 1, 1]",0,"[1, 1, 0, 0, 0, 1, 1]",0
test_02550,Atw din vabtam ai meyeta mone hoy onno kono dormer bt ajke name ta dheke bujte parlam je muslim mone hoy...tobe tr ai bebohar tik hoy ne,"Religious, Personal Offense","[""Atw"", ""din"", ""vabtam"", ""ai"", ""meyeta"", ""mone"", ""hoy"", ""onno"", ""kono"", ""dormer"", ""bt"", ""ajke"", ""name"", ""ta"", ""dheke"", ""bujte"", ""parlam"", ""je"", ""muslim"", ""mone"", ""hoy...tobe"", ""tr"", ""ai"", ""bebohar"", ""tik"", ""hoy"", ""ne""]","[0, 0, 0, 0, 0, 0, 0, 1, 1, 1, 0, 0, 0, 0, 0, 0, 0, 0, 1, 1, 1, 1, 1, 1, 1, 1, 1]",0,"[0, 0, 0, 0, 0, 0, 0, 1, 1, 1, 0, 0, 0, 0, 0, 0, 0, 0, 0, 0, 0, 0, 1, 1, 1, 1, 1]",0
test_03442,Bhai Apni India Dalal,"Personal Offense, Origin","[""Bhai"", ""Apni"", ""India"", ""Dalal""]","[0, 0, 1, 1]",0,"[0, 0, 1, 1]",0
test_03052,Khali motai hos din din,Body Shaming,"[""Khali"", ""motai"", ""hos"", ""din"", ""din""]","[0, 1, 1, 0, 0]",0,"[0, 1, 0, 0, 0]",0
test_02098,Tui j soitan jonogon ta bujhe,"Religious, Personal Offense","[""Tui"", ""j"", ""soitan"", ""jonogon"", ""ta"", ""bujhe""]","[1, 1, 1, 0, 0, 0]",0,"[0, 0, 1, 0, 0, 0]",0
test_03268,Arai to hasina ar dalal,"Political, Misc","[""Arai"", ""to"", ""hasina"", ""ar"", ""dalal""]","[0, 0, 1, 1, 1]",0,"[0, 0, 1, 1, 1]",0
test_02742,Muslim mea jatir kolonko,"Religious, Personal Offense","[""Muslim"", ""mea"", ""jatir"", ""kolonko""]","[1, 1, 1, 1]",0,"[1, 1, 1, 1]",0
test_03698,"use hoiso ken , jokhon guli chalaite bolse tokhon mukh fute kotha ber hoi nai kono , shalara tokhon protest korti",Personal Offense,"[""use"", ""hoiso"", ""ken"", "","", ""jokhon"", ""guli"", ""chalaite"", ""bolse"", ""tokhon"", ""mukh"", ""fute"", ""kotha"", ""ber"", ""hoi"", ""nai"", ""kono"", "","", ""shalara"", ""tokhon"", ""protest"", ""korti""]","[1, 1, 1, 0, 1, 1, 1, 1, 0, 0, 0, 0, 0, 0, 0, 0, 0, 1, 1, 1, 1]",0,"[1, 1, 1, 0, 0, 1, 1, 1, 0, 1, 1, 1, 0, 0, 0, 0, 0, 1, 1, 1, 1]",0
test_00705,"Osikkihito, porata pore nai, kana tegra porata dekhey nai. K bolece k bolece sorkar sorkar","Personal Offense, Body Shaming","[""Osikkihito,"", ""porata"", ""pore"", ""nai,"", ""kana"", ""tegra"", ""porata"", ""dekhey"", ""nai."", ""K"", ""bolece"", ""k"", ""bolece"", ""sorkar"", ""sorkar""]","[1, 0, 0, 0, 1, 1, 0, 0, 0, 1, 1, 1, 1, 1, 1]",0,"[1, 1, 1, 1, 0, 0, 0, 0, 0, 0, 0, 0, 0, 1, 1]",0
test_03398,Vai ei jaroj rajakar jongi ki deshe ace Jodi thake ore Jono goner shamne ene Purai de,"Personal Offense, Abusive/Violence","[""Vai"", ""ei"", ""jaroj"", ""rajakar"", ""jongi"", ""ki"", ""deshe"", ""ace"", ""Jodi"", ""thake"", ""ore"", ""Jono"", ""goner"", ""shamne"", ""ene"", ""Purai"", ""de""]","[0, 0, 1, 1, 1, 0, 0, 0, 0, 0, 0, 0, 0, 0, 0, 1, 1]",0,"[0, 0, 1, 1, 1, 0, 1, 1, 1, 1, 1, 0, 1, 0, 0, 1, 0]",0
test_03325,Badi people is boya😂😂😂😂,Gender,"[""Badi"", ""people"", ""is"", ""boya😂😂😂😂""]",,,,
test_01608,"amra dekhsi tumi ki koisila age, akhn tomar shur paltaise. 😅😅",Personal Offense,"[""amra"", ""dekhsi"", ""tumi"", ""ki"", ""koisila"", ""age,"", ""akhn"", ""tomar"", ""shur"", ""paltaise."", ""😅😅""]","[0, 0, 0, 0, 0, 0, 0, 0, 1, 1, 0]",0,,
test_00382,"Bnp jamat rajakarer bassara,, student ra sob ses kora desaot 😮😮😮😮😮😮😮",Political,"[""Bnp"", ""jamat"", ""rajakarer"", ""bassara,,"", ""student"", ""ra"", ""sob"", ""ses"", ""kora"", ""desaot"", ""😮😮😮😮😮😮😮""]","[0, 0, 1, 1, 0, 0, 0, 0, 0, 0, 0]",0,,
test_02898,kottar bassa sumon,Personal Offense,"[""kottar"", ""bassa"", ""sumon""]","[1, 1, 0]",0,,
test_03281,Sek hasina hatao,Political,"[""Sek"", ""hasina"", ""hatao""]","[0, 0, 1]",0,,
test_00823,Guos khor police 🤣🤣🤣buijha lon🧐🧐🧐,Misc,"[""Guos"", ""khor"", ""police"", ""🤣🤣🤣buijha"", ""lon🧐🧐🧐""]","[1, 1, 0, 0, 0]",0,,
test_02467,Salam Salam hajar Salam ❤❤❤❤❤❤❤❤❤Bakshall er din sheh! InshaAllah,Political,"[""Salam"", ""Salam"", ""hajar"", ""Salam"", ""❤❤❤❤❤❤❤❤❤Bakshall"", ""er"", ""din"", ""sheh!"", ""InshaAllah""]",,,,
test_02199,Apni ja korecilen shob shunam shesh. Onek marcen aro marun.,Abusive/Violence,"[""Apni"", ""ja"", ""korecilen"", ""shob"", ""shunam"", ""shesh."", ""Onek"", ""marcen"", ""aro"", ""marun.""]","[0, 0, 0, 0, 0, 0, 0, 1, 0, 1]",0,,
test_03202,"Sheik hacina jodi bangladese,r manuser jonno nejer koliza buna kore dey tahole,o deser jonogon bolbe je lobon kom hoyse,,","Personal Offense, Abusive/Violence, Misc","[""Sheik"", ""hacina"", ""jodi"", ""bangladese,r"", ""manuser"", ""jonno"", ""nejer"", ""koliza"", ""buna"", ""kore"", ""dey"", ""tahole,o"", ""deser"", ""jonogon"", ""bolbe"", ""je"", ""lobon"", ""kom"", ""hoyse,,""]",,,,
test_01901,Ei bedi ekta magi,Abusive/Violence,"[""Ei"", ""bedi"", ""ekta"", ""magi""]","[0, 1, 0, 1]",0,,
test_03356,Tumi dalal r hocche razakarer bap......amra chine gechi tomader....showup chilo shob😮,"Political, Personal Offense","[""Tumi"", ""dalal"", ""r"", ""hocche"", ""razakarer"", ""bap......amra"", ""chine"", ""gechi"", ""tomader....showup"", ""chilo"", ""shob😮""]","[0, 1, 0, 0, 1, 0, 0, 0, 0, 0, 0]",0,,
test_00966,Nuscha Bata bati,Personal Offense,"[""Nuscha"", ""Bata"", ""bati""]","[1, 1, 1]",0,,
test_00977,Madari tui to boro jungi,Personal Offense,"[""Madari"", ""tui"", ""to"", ""boro"", ""jungi""]","[1, 0, 0, 0, 1]",0,,
test_03079,Vowa docor r channel 2 jon e viral hote chascche.,Misc,"[""Vowa"", ""docor"", ""r"", ""channel"", ""2"", ""jon"", ""e"", ""viral"", ""hote"", ""chascche.""]","[1, 0, 0, 0, 0, 0, 0, 0, 0, 0]",0,,
test_00581,Liton das holo doler kufa,"Political, Personal Offense","[""Liton"", ""das"", ""holo"", ""doler"", ""kufa""]","[0, 0, 0, 1, 1]",0,,
test_01067,Baler league 😂😂😂😂,Political,"[""Baler"", ""league"", ""😂😂😂😂""]","[1, 1, 0]",0,,
test_00692,"Vua beti, Feraune",Personal Offense,"[""Vua"", ""beti,"", ""Feraune""]","[1, 1, 1]",0,,
test_00022,"Deshe shob kusi akta Fun hoia gese. Vua Prime minister, Vua doctor, Vua Teacher er ki baki ase??? Koto manush ara khun kortese but kono bicher hoitese na 🥲🥲🥲😡😡😡🤬🤬🤬🤬😡😡","Political, Abusive/Violence","[""Deshe"", ""shob"", ""kusi"", ""akta"", ""Fun"", ""hoia"", ""gese."", ""Vua"", ""Prime"", ""minister,"", ""Vua"", ""doctor,"", ""Vua"", ""Teacher"", ""er"", ""ki"", ""baki"", ""ase???"", ""Koto"", ""manush"", ""ara"", ""khun"", ""kortese"", ""but"", ""kono"", ""bicher"", ""hoitese"", ""na"", ""🥲🥲🥲😡😡😡🤬🤬🤬🤬😡😡""]","[0, 0, 0, 0, 0, 0, 0, 1, 0, 0, 1, 0, 1, 0, 0, 0, 0, 0, 0, 0, 0, 1, 1, 0, 0, 0, 0, 0, 0]",0,,
test_00459,Bainchuder baccha Golam Rony ry bolod sara ar kisu bolty parlam na halay sagol.,Abusive/Violence,"[""Bainchuder"", ""baccha"", ""Golam"", ""Rony"", ""ry"", ""bolod"", ""sara"", ""ar"", ""kisu"", ""bolty"", ""parlam"", ""na"", ""halay"", ""sagol.""]","[1, 1, 0, 0, 0, 1, 0, 0, 0, 0, 0, 0, 1, 1]",0,,
test_01886,Magir fuain senabahini Akon Koy .eitha deke na,"Gender, Abusive/Violence","[""Magir"", ""fuain"", ""senabahini"", ""Akon"", ""Koy"", "".eitha"", ""deke"", ""na""]","[1, 1, 0, 0, 0, 0, 0, 0]",0,,
test_00346,Jar nai baper thik sea Kore awamilige ..... Aye rastay aye erpor dekay dibo,"Political, Personal Offense","[""Jar"", ""nai"", ""baper"", ""thik"", ""sea"", ""Kore"", ""awamilige"", ""....."", ""Aye"", ""rastay"", ""aye"", ""erpor"", ""dekay"", ""dibo""]","[1, 1, 1, 1, 0, 0, 0, 0, 1, 1, 1, 1, 1, 1]",0,,
test_01160,Jati Apnr poton chay ✊,"Political, Personal Offense","[""Jati"", ""Apnr"", ""poton"", ""chay"", ""✊""]","[0, 0, 1, 1, 0]",0,,
test_01323,Aii sala re age uttom madshom din,Abusive/Violence,"[""Aii"", ""sala"", ""re"", ""age"", ""uttom"", ""madshom"", ""din""]","[0, 1, 0, 0, 1, 1, 1]",0,,
test_02156,Lopor 2ta milce lopor lopor chera,Personal Offense,"[""Lopor"", ""2ta"", ""milce"", ""lopor"", ""lopor"", ""chera""]","[1, 0, 0, 1, 1, 1]",0,,
test_03277,Hetire onno kono beday nite cayna sejonno hetar kache ache..2ra sobar samne aisa je faltumigola kortechoc oigolu kon bongser poricoy ditacoc..,"Gender, Personal Offense","[""Hetire"", ""onno"", ""kono"", ""beday"", ""nite"", ""cayna"", ""sejonno"", ""hetar"", ""kache"", ""ache..2ra"", ""sobar"", ""samne"", ""aisa"", ""je"", ""faltumigola"", ""kortechoc"", ""oigolu"", ""kon"", ""bongser"", ""poricoy"", ""ditacoc..""]","[0, 0, 0, 1, 1, 1, 0, 0, 0, 0, 0, 0, 0, 0, 1, 1, 0, 0, 1, 1, 1]",0,,
test_03291,Na Vai..Allah k Mani...tui mim ar songsar bagcos...kanki,"Gender, Personal Offense","[""Na"", ""Vai..Allah"", ""k"", ""Mani...tui"", ""mim"", ""ar"", ""songsar"", ""bagcos...kanki""]","[0, 0, 0, 0, 0, 0, 1, 1]",0,,
test_03006,"Sorry apu,ajke sharee poray apnake jogonno lagse","Gender, Body Shaming","[""Sorry"", ""apu,ajke"", ""sharee"", ""poray"", ""apnake"", ""jogonno"", ""lagse""]","[0, 0, 0, 0, 0, 1, 1]",0,,
test_01657,Bangladesh jaroj league,Political,"[""Bangladesh"", ""jaroj"", ""league""]","[0, 1, 1]",0,,
test_00010,Corer jati sontras r osovbo jati. Ata kokono vlo hote parena,Origin,"[""Corer"", ""jati"", ""sontras"", ""r"", ""osovbo"", ""jati."", ""Ata"", ""kokono"", ""vlo"", ""hote"", ""parena""]","[1, 1, 1, 0, 1, 1, 0, 0, 0, 0, 0]",0,,
test_00008,One reciest go to other reciest,Body Shaming,"[""One"", ""reciest"", ""go"", ""to"", ""other"", ""reciest""]","[0, 1, 0, 0, 0, 1]",0,,
test_00594,Keno be..ssa ki valo kaj korle take ki bes..sa Bola jabe na,"Personal Offense, Origin","[""Keno"", ""be..ssa"", ""ki"", ""valo"", ""kaj"", ""korle"", ""take"", ""ki"", ""bes..sa"", ""Bola"", ""jabe"", ""na""]","[0, 1, 0, 0, 0, 0, 0, 0, 1, 0, 0, 0]",0,,
test_00593,"Faltu news,ata sob jaigai hoi pray",Personal Offense,"[""Faltu"", ""news,ata"", ""sob"", ""jaigai"", ""hoi"", ""pray""]",,,,
test_01210,Nengti pora der saathe dadu...😂😂,Personal Offense,"[""Nengti"", ""pora"", ""der"", ""saathe"", ""dadu...😂😂""]","[1, 1, 0, 0, 1]",0,,
test_03539,Mar salar potego,Abusive/Violence,"[""Mar"", ""salar"", ""potego""]","[1, 1, 1]",0,,
test_03146,deshe kichu kuttar shongka bede geche... tader keo taranur beboshta korte hobe.....,Personal Offense,"[""deshe"", ""kichu"", ""kuttar"", ""shongka"", ""bede"", ""geche..."", ""tader"", ""keo"", ""taranur"", ""beboshta"", ""korte"", ""hobe.....""]","[0, 0, 1, 0, 0, 0, 0, 0, 1, 1, 1, 1]",0,,
test_03565,Hawwar Pola Bag An ttika,Personal Offense,"[""Hawwar"", ""Pola"", ""Bag"", ""An"", ""ttika""]","[1, 1, 1, 1, 1]",0,,
test_01930,Family sikkha nai,Origin,"[""Family"", ""sikkha"", ""nai""]","[0, 1, 1]",0,,
test_03212,Chatrolig mere pelte hobe ai dese ader thai nai,"Political, Abusive/Violence","[""Chatrolig"", ""mere"", ""pelte"", ""hobe"", ""ai"", ""dese"", ""ader"", ""thai"", ""nai""]","[0, 1, 1, 1, 0, 0, 1, 1, 1]",0,,
test_00132,Pitas na keno tora ai shalare akno...gari te bosaya keno rakce?,Abusive/Violence,"[""Pitas"", ""na"", ""keno"", ""tora"", ""ai"", ""shalare"", ""akno...gari"", ""te"", ""bosaya"", ""keno"", ""rakce?""]","[1, 1, 1, 1, 0, 1, 0, 0, 0, 0, 0]",0,,
test_00983,Aei holo nogra muslim country at last traine niche 🤣🤣🤣🤣🤣🤣🤣🤣🤣🤣🤣🤣,Religious,"[""Aei"", ""holo"", ""nogra"", ""muslim"", ""country"", ""at"", ""last"", ""traine"", ""niche"", ""🤣🤣🤣🤣🤣🤣🤣🤣🤣🤣🤣🤣""]","[0, 0, 1, 1, 1, 0, 0, 0, 0, 0]",0,,
test_01155,Natok ar codan lagbe na re loti 😅,Personal Offense,"[""Natok"", ""ar"", ""codan"", ""lagbe"", ""na"", ""re"", ""loti"", ""😅""]","[0, 0, 1, 1, 0, 0, 1, 0]",0,,
test_02025,Faltu......thu thu thu........aowamilige...,Political,"[""Faltu......thu"", ""thu"", ""thu........aowamilige...""]","[1, 1, 1]",0,,
