sheet_no,comment_id,clean_text,categories,Label,Political,Religious,Gender,Personal Offense,Abusive/Violence,Origin,Body Shaming,Misc,words
1,test_02013,Police Maderchud khankirput mor tora magibaj 😡😡😡😡,"Personal Offense, Abusive/Violence",1,0,0,0,1,1,0,0,0,"[""Police"", ""Maderchud"", ""khankirput"", ""mor"", ""tora"", ""magibaj"", ""😡😡😡😡""]"
2,test_03324,"Alhamdulillah, Kuttaliger sob gulo ke dhore dim dewa uchit","Political, Abusive/Violence",1,1,0,0,0,1,0,0,0,"[""Alhamdulillah,"", ""Kuttaliger"", ""sob"", ""gulo"", ""ke"", ""dhore"", ""dim"", ""dewa"", ""uchit""]"
3,test_01770,Kuttar baccha ei shahosh koi paili? Ore neri kukur!!!,Abusive/Violence,1,0,0,0,0,1,0,0,0,"[""Kuttar"", ""baccha"", ""ei"", ""shahosh"", ""koi"", ""paili?"", ""Ore"", ""neri"", ""kukur!!!""]"
4,test_00179,Agey apnader mordhe indian gulare khuje ber koren,Misc,1,0,0,0,0,0,0,0,1,"[""Agey"", ""apnader"", ""mordhe"", ""indian"", ""gulare"", ""khuje"", ""ber"", ""koren""]"
5,test_03028,Hate this lockdown vaccine nibo na,Misc,1,0,0,0,0,0,0,0,1,"[""Hate"", ""this"", ""lockdown"", ""vaccine"", ""nibo"", ""na""]"
6,test_02052,Er confidence dekhe matha noshto,Misc,1,0,0,0,0,0,0,0,1,"[""Er"", ""confidence"", ""dekhe"", ""matha"", ""noshto""]"
7,test_02938,"Nah, tomra India banate chaichila..... amra 15 years allow korchim...then tomader khele dichi.akhon tomar next 10-15 years lukaiya thakba. Tomader din shesh, chatro jonotar bangladesh. Indiar dalali koro jao.","Political, Origin",1,1,0,0,0,0,1,0,0,"[""Nah,"", ""tomra"", ""India"", ""banate"", ""chaichila....."", ""amra"", ""15"", ""years"", ""allow"", ""korchim...then"", ""tomader"", ""khele"", ""dichi.akhon"", ""tomar"", ""next"", ""10-15"", ""years"", ""lukaiya"", ""thakba."", ""Tomader"", ""din"", ""shesh,"", ""chatro"", ""jonotar"", ""bangladesh."", ""Indiar"", ""dalali"", ""koro"", ""jao.""]"
8,test_03557,Amn vabe titel dey....shalar kisui bolar nai...aita dhakar grammo shokol alakay amn hat hoy... Faltu shob reporter,Personal Offense,1,0,0,0,1,0,0,0,0,"[""Amn"", ""vabe"", ""titel"", ""dey....shalar"", ""kisui"", ""bolar"", ""nai...aita"", ""dhakar"", ""grammo"", ""shokol"", ""alakay"", ""amn"", ""hat"", ""hoy..."", ""Faltu"", ""shob"", ""reporter""]"
9,test_00107,Hasina r fasi chai khoni hasina Muslim r satru ❤,Religious,1,0,1,0,0,0,0,0,0,"[""Hasina"", ""r"", ""fasi"", ""chai"", ""khoni"", ""hasina"", ""Muslim"", ""r"", ""satru"", ""❤""]"
10,test_01873,Takar thakle koto cravings baire jai motki ekta,Body Shaming,1,0,0,0,0,0,0,1,0,"[""Takar"", ""thakle"", ""koto"", ""cravings"", ""baire"", ""jai"", ""motki"", ""ekta""]"
11,test_00003,Myb eta India cal parar meye,"Personal Offense, Origin",1,0,0,0,1,0,1,0,0,"[""Myb"", ""eta"", ""India"", ""cal"", ""parar"", ""meye""]"
12,test_03237,Oi meyetar khub baro baro katha,Gender,1,0,0,1,0,0,0,0,0,"[""Oi"", ""meyetar"", ""khub"", ""baro"", ""baro"", ""katha""]"
13,test_02244,Ekta khankirchele der desh ei Bangladesh.. khankirchele,"Personal Offense, Abusive/Violence",1,0,0,0,1,1,0,0,0,"[""Ekta"", ""khankirchele"", ""der"", ""desh"", ""ei"", ""Bangladesh.."", ""khankirchele""]"
14,test_01653,ai meye viral hote chay sobai ariyee jan ai meye thake dekben raster kokor hoye gase,"Gender, Personal Offense",1,0,0,1,1,0,0,0,0,"[""ai"", ""meye"", ""viral"", ""hote"", ""chay"", ""sobai"", ""ariyee"", ""jan"", ""ai"", ""meye"", ""thake"", ""dekben"", ""raster"", ""kokor"", ""hoye"", ""gase""]"
15,test_01985,Apnara o to chori korsen gush khaisen. Public ka haras korsen,Personal Offense,1,0,0,0,1,0,0,0,0,"[""Apnara"", ""o"", ""to"", ""chori"", ""korsen"", ""gush"", ""khaisen."", ""Public"", ""ka"", ""haras"", ""korsen""]"
16,test_01415,Kalllu hasnat mohis,Body Shaming,1,0,0,0,0,0,0,1,0,"[""Kalllu"", ""hasnat"", ""mohis""]"
17,test_03616,Dim... Ki dekte cawo.....nah dukate cawo😂,Abusive/Violence,1,0,0,0,0,1,0,0,0,"[""Dim..."", ""Ki"", ""dekte"", ""cawo.....nah"", ""dukate"", ""cawo😂""]"
18,test_02965,Oi khankir pola police namok kutta gular jonno santite raataii manus akhon chopte o pare na ora asob dehobebsahider theeke tk khai,Abusive/Violence,1,0,0,0,0,1,0,0,0,"[""Oi"", ""khankir"", ""pola"", ""police"", ""namok"", ""kutta"", ""gular"", ""jonno"", ""santite"", ""raataii"", ""manus"", ""akhon"", ""chopte"", ""o"", ""pare"", ""na"", ""ora"", ""asob"", ""dehobebsahider"", ""theeke"", ""tk"", ""khai""]"
19,test_02152,Sumon apnake valo jantam ekhon dekhi apni islam birodi😢😂😂,Religious,1,0,1,0,0,0,0,0,0,"[""Sumon"", ""apnake"", ""valo"", ""jantam"", ""ekhon"", ""dekhi"", ""apni"", ""islam"", ""birodi😢😂😂""]"
20,test_00613,"Aii potita k niea dim therapi den,","Gender, Abusive/Violence",1,0,0,1,0,1,0,0,0,"[""Aii"", ""potita"", ""k"", ""niea"", ""dim"", ""therapi"", ""den,""]"
21,test_01719,Dalal comming Bangladesh tomer dalali er kober ace,Political,1,1,0,0,0,0,0,0,0,"[""Dalal"", ""comming"", ""Bangladesh"", ""tomer"", ""dalali"", ""er"", ""kober"", ""ace""]"
22,test_00530,Faltu headline diye distri akorson kno kortase... Direct bollei holo... Manus er srom bikri hoy,Personal Offense,1,0,0,0,1,0,0,0,0,"[""Faltu"", ""headline"", ""diye"", ""distri"", ""akorson"", ""kno"", ""kortase..."", ""Direct"", ""bollei"", ""holo..."", ""Manus"", ""er"", ""srom"", ""bikri"", ""hoy""]"
23,test_00391,"Icu full OT full 😢😢😢😢😢 ekhon, bujesi amader india ken ashe bangladeshi ra oh my God Rogider jibon koto oshohai emon Dr., kase allah tumi hifajot koro",Origin,1,0,0,0,0,0,1,0,0,"[""Icu"", ""full"", ""OT"", ""full"", ""😢😢😢😢😢"", ""ekhon,"", ""bujesi"", ""amader"", ""india"", ""ken"", ""ashe"", ""bangladeshi"", ""ra"", ""oh"", ""my"", ""God"", ""Rogider"", ""jibon"", ""koto"", ""oshohai"", ""emon"", ""Dr.,"", ""kase"", ""allah"", ""tumi"", ""hifajot"", ""koro""]"
24,test_00822,police bgb army rab k ami ghanna kori toder bicher obosshoi hobe,Misc,1,0,0,0,0,0,0,0,1,"[""police"", ""bgb"", ""army"", ""rab"", ""k"", ""ami"", ""ghanna"", ""kori"", ""toder"", ""bicher"", ""obosshoi"", ""hobe""]"
25,test_03059,Oke dhore lathi therapy deoa hook,Abusive/Violence,1,0,0,0,0,1,0,0,0,"[""Oke"", ""dhore"", ""lathi"", ""therapy"", ""deoa"", ""hook""]"
26,test_00296,Ekhon jangi sarkar cholche,"Political, Religious",1,1,1,0,0,0,0,0,0,"[""Ekhon"", ""jangi"", ""sarkar"", ""cholche""]"
27,test_01606,Etodin por bujco guta Kaye.....tmra Jodi age aivabe oikkojut Korte tahole amra ai soiracar k aro age hotate partam.....tmra sartopor,Misc,1,0,0,0,0,0,0,0,1,"[""Etodin"", ""por"", ""bujco"", ""guta"", ""Kaye.....tmra"", ""Jodi"", ""age"", ""aivabe"", ""oikkojut"", ""Korte"", ""tahole"", ""amra"", ""ai"", ""soiracar"", ""k"", ""aro"", ""age"", ""hotate"", ""partam.....tmra"", ""sartopor""]"
28,test_01169,Dalal dalal tui sumon dalal,Personal Offense,1,0,0,0,1,0,0,0,0,"[""Dalal"", ""dalal"", ""tui"", ""sumon"", ""dalal""]"
29,test_03061,Muslim hatao desh bachao,Religious,1,0,1,0,0,0,0,0,0,"[""Muslim"", ""hatao"", ""desh"", ""bachao""]"
30,test_01419,Ata hoilo Digital Bangladesh.. Akhon thika je koiboh taare juta dia 2 ta bari upohar dim,Abusive/Violence,1,0,0,0,0,1,0,0,0,"[""Ata"", ""hoilo"", ""Digital"", ""Bangladesh.."", ""Akhon"", ""thika"", ""je"", ""koiboh"", ""taare"", ""juta"", ""dia"", ""2"", ""ta"", ""bari"", ""upohar"", ""dim""]"
31,test_03632,Madrasar product......😂😂😂 kangu der r ekta kola mamoni 😂😂😂,"Religious, Gender, Personal Offense",1,0,1,1,1,0,0,0,0,"[""Madrasar"", ""product......😂😂😂"", ""kangu"", ""der"", ""r"", ""ekta"", ""kola"", ""mamoni"", ""😂😂😂""]"
32,test_01647,Tora jonotar chakor.Toder eto boro gurda kemne re?Toder maa ki koira j Toder poida dise eta Allah tala e valo janen .,Misc,1,0,0,0,0,0,0,0,1,"[""Tora"", ""jonotar"", ""chakor.Toder"", ""eto"", ""boro"", ""gurda"", ""kemne"", ""re?Toder"", ""maa"", ""ki"", ""koira"", ""j"", ""Toder"", ""poida"", ""dise"", ""eta"", ""Allah"", ""tala"", ""e"", ""valo"", ""janen"", "".""]"
33,test_02492,Ore Dem terapi deya dorkar,Personal Offense,1,0,0,0,1,0,0,0,0,"[""Ore"", ""Dem"", ""terapi"", ""deya"", ""dorkar""]"
34,test_00568,Koto je natok korte pare ei mohilake dekhle buja jay,Gender,1,0,0,1,0,0,0,0,0,"[""Koto"", ""je"", ""natok"", ""korte"", ""pare"", ""ei"", ""mohilake"", ""dekhle"", ""buja"", ""jay""]"
35,test_00429,Sob student er ucit ei kulangar k gono pituni dewa.. Oi elakar student ra ki hate churi pore thake ...seta ekn buja jacce,"Personal Offense, Abusive/Violence",1,0,0,0,1,1,0,0,0,"[""Sob"", ""student"", ""er"", ""ucit"", ""ei"", ""kulangar"", ""k"", ""gono"", ""pituni"", ""dewa.."", ""Oi"", ""elakar"", ""student"", ""ra"", ""ki"", ""hate"", ""churi"", ""pore"", ""thake"", ""...seta"", ""ekn"", ""buja"", ""jacce""]"
36,test_01706,Ai bokacho*a pagol hoiya gese😆Akekdin akek kahini niya ashe,"Personal Offense, Body Shaming",1,0,0,0,1,0,0,1,0,"[""Ai"", ""bokacho*a"", ""pagol"", ""hoiya"", ""gese😆Akekdin"", ""akek"", ""kahini"", ""niya"", ""ashe""]"
37,test_02542,Ronny kon madar cod ato bosor ki bal felano hoase suni jara podh pease minimum 4-5 bosor lagbe,Abusive/Violence,1,0,0,0,0,1,0,0,0,"[""Ronny"", ""kon"", ""madar"", ""cod"", ""ato"", ""bosor"", ""ki"", ""bal"", ""felano"", ""hoase"", ""suni"", ""jara"", ""podh"", ""pease"", ""minimum"", ""4-5"", ""bosor"", ""lagbe""]"
38,test_00666,Inspector k dismiss kora hok satha satha oi inspector er naam a mamla kora hok,Abusive/Violence,1,0,0,0,0,1,0,0,0,"[""Inspector"", ""k"", ""dismiss"", ""kora"", ""hok"", ""satha"", ""satha"", ""oi"", ""inspector"", ""er"", ""naam"", ""a"", ""mamla"", ""kora"", ""hok""]"
39,test_01114,Lady HERO alom,"Gender, Personal Offense",1,0,0,1,1,0,0,0,0,"[""Lady"", ""HERO"", ""alom""]"
40,test_03710,ore baba ai kane deki 2jon e Oli Awlia..,Religious,1,0,1,0,0,0,0,0,0,"[""ore"", ""baba"", ""ai"", ""kane"", ""deki"", ""2jon"", ""e"", ""Oli"", ""Awlia..""]"
41,test_02484,Bina vote boido halarput,"Political, Personal Offense",1,1,0,0,1,0,0,0,0,"[""Bina"", ""vote"", ""boido"", ""halarput""]"
42,test_02724,Ei meye viral howar jonno paglami kortece,"Gender, Personal Offense",1,0,0,1,1,0,0,0,0,"[""Ei"", ""meye"", ""viral"", ""howar"", ""jonno"", ""paglami"", ""kortece""]"
43,test_00606,Sala Otistic Motherboard,"Personal Offense, Body Shaming",1,0,0,0,1,0,0,1,0,"[""Sala"", ""Otistic"", ""Motherboard""]"
44,test_02589,TU to jaroz,Personal Offense,1,0,0,0,1,0,0,0,0,"[""TU"", ""to"", ""jaroz""]"
45,test_00491,Toir jormo rastai hoise madir bassa,"Personal Offense, Origin",1,0,0,0,1,0,1,0,0,"[""Toir"", ""jormo"", ""rastai"", ""hoise"", ""madir"", ""bassa""]"
46,test_02613,Baje desh Baje maush,Origin,1,0,0,0,0,0,1,0,0,"[""Baje"", ""desh"", ""Baje"", ""maush""]"
47,test_01274,"😂 tui ghuira ghuira mara kha ,,,","Personal Offense, Abusive/Violence",1,0,0,0,1,1,0,0,0,"[""😂"", ""tui"", ""ghuira"", ""ghuira"", ""mara"", ""kha"", "",,,""]"
48,test_02479,Bangla desh akhon rajakarer deshe porinoto hoyece.,Origin,1,0,0,0,0,0,1,0,0,"[""Bangla"", ""desh"", ""akhon"", ""rajakarer"", ""deshe"", ""porinoto"", ""hoyece.""]"
49,test_02841,Kutta lig toder kotha ato kharap kulangar,Political,1,1,0,0,0,0,0,0,0,"[""Kutta"", ""lig"", ""toder"", ""kotha"", ""ato"", ""kharap"", ""kulangar""]"
50,test_02550,Atw din vabtam ai meyeta mone hoy onno kono dormer bt ajke name ta dheke bujte parlam je muslim mone hoy...tobe tr ai bebohar tik hoy ne,"Religious, Personal Offense",1,0,1,0,1,0,0,0,0,"[""Atw"", ""din"", ""vabtam"", ""ai"", ""meyeta"", ""mone"", ""hoy"", ""onno"", ""kono"", ""dormer"", ""bt"", ""ajke"", ""name"", ""ta"", ""dheke"", ""bujte"", ""parlam"", ""je"", ""muslim"", ""mone"", ""hoy...tobe"", ""tr"", ""ai"", ""bebohar"", ""tik"", ""hoy"", ""ne""]"
51,test_03442,Bhai Apni India Dalal,"Personal Offense, Origin",1,0,0,0,1,0,1,0,0,"[""Bhai"", ""Apni"", ""India"", ""Dalal""]"
52,test_03052,Khali motai hos din din,Body Shaming,1,0,0,0,0,0,0,1,0,"[""Khali"", ""motai"", ""hos"", ""din"", ""din""]"
53,test_02098,Tui j soitan jonogon ta bujhe,"Religious, Personal Offense",1,0,1,0,1,0,0,0,0,"[""Tui"", ""j"", ""soitan"", ""jonogon"", ""ta"", ""bujhe""]"
54,test_03268,Arai to hasina ar dalal,"Political, Misc",1,1,0,0,0,0,0,0,1,"[""Arai"", ""to"", ""hasina"", ""ar"", ""dalal""]"
55,test_02742,Muslim mea jatir kolonko,"Religious, Personal Offense",1,0,1,0,1,0,0,0,0,"[""Muslim"", ""mea"", ""jatir"", ""kolonko""]"
56,test_03698,"use hoiso ken , jokhon guli chalaite bolse tokhon mukh fute kotha ber hoi nai kono , shalara tokhon protest korti",Personal Offense,1,0,0,0,1,0,0,0,0,"[""use"", ""hoiso"", ""ken"", "","", ""jokhon"", ""guli"", ""chalaite"", ""bolse"", ""tokhon"", ""mukh"", ""fute"", ""kotha"", ""ber"", ""hoi"", ""nai"", ""kono"", "","", ""shalara"", ""tokhon"", ""protest"", ""korti""]"
57,test_00705,"Osikkihito, porata pore nai, kana tegra porata dekhey nai. K bolece k bolece sorkar sorkar","Personal Offense, Body Shaming",1,0,0,0,1,0,0,1,0,"[""Osikkihito,"", ""porata"", ""pore"", ""nai,"", ""kana"", ""tegra"", ""porata"", ""dekhey"", ""nai."", ""K"", ""bolece"", ""k"", ""bolece"", ""sorkar"", ""sorkar""]"
58,test_03398,Vai ei jaroj rajakar jongi ki deshe ace Jodi thake ore Jono goner shamne ene Purai de,"Personal Offense, Abusive/Violence",1,0,0,0,1,1,0,0,0,"[""Vai"", ""ei"", ""jaroj"", ""rajakar"", ""jongi"", ""ki"", ""deshe"", ""ace"", ""Jodi"", ""thake"", ""ore"", ""Jono"", ""goner"", ""shamne"", ""ene"", ""Purai"", ""de""]"
59,test_03325,Badi people is boya😂😂😂😂,Gender,1,0,0,1,0,0,0,0,0,"[""Badi"", ""people"", ""is"", ""boya😂😂😂😂""]"
60,test_01608,"amra dekhsi tumi ki koisila age, akhn tomar shur paltaise. 😅😅",Personal Offense,1,0,0,0,1,0,0,0,0,"[""amra"", ""dekhsi"", ""tumi"", ""ki"", ""koisila"", ""age,"", ""akhn"", ""tomar"", ""shur"", ""paltaise."", ""😅😅""]"
61,test_00382,"Bnp jamat rajakarer bassara,, student ra sob ses kora desaot 😮😮😮😮😮😮😮",Political,1,1,0,0,0,0,0,0,0,"[""Bnp"", ""jamat"", ""rajakarer"", ""bassara,,"", ""student"", ""ra"", ""sob"", ""ses"", ""kora"", ""desaot"", ""😮😮😮😮😮😮😮""]"
62,test_02898,kottar bassa sumon,Personal Offense,1,0,0,0,1,0,0,0,0,"[""kottar"", ""bassa"", ""sumon""]"
63,test_03281,Sek hasina hatao,Political,1,1,0,0,0,0,0,0,0,"[""Sek"", ""hasina"", ""hatao""]"
64,test_00823,Guos khor police 🤣🤣🤣buijha lon🧐🧐🧐,Misc,1,0,0,0,0,0,0,0,1,"[""Guos"", ""khor"", ""police"", ""🤣🤣🤣buijha"", ""lon🧐🧐🧐""]"
65,test_02467,Salam Salam hajar Salam ❤❤❤❤❤❤❤❤❤Bakshall er din sheh! InshaAllah,Political,1,1,0,0,0,0,0,0,0,"[""Salam"", ""Salam"", ""hajar"", ""Salam"", ""❤❤❤❤❤❤❤❤❤Bakshall"", ""er"", ""din"", ""sheh!"", ""InshaAllah""]"
66,test_02199,Apni ja korecilen shob shunam shesh. Onek marcen aro marun.,Abusive/Violence,1,0,0,0,0,1,0,0,0,"[""Apni"", ""ja"", ""korecilen"", ""shob"", ""shunam"", ""shesh."", ""Onek"", ""marcen"", ""aro"", ""marun.""]"
67,test_03202,"Sheik hacina jodi bangladese,r manuser jonno nejer koliza buna kore dey tahole,o deser jonogon bolbe je lobon kom hoyse,,","Personal Offense, Abusive/Violence, Misc",1,0,0,0,1,1,0,0,1,"[""Sheik"", ""hacina"", ""jodi"", ""bangladese,r"", ""manuser"", ""jonno"", ""nejer"", ""koliza"", ""buna"", ""kore"", ""dey"", ""tahole,o"", ""deser"", ""jonogon"", ""bolbe"", ""je"", ""lobon"", ""kom"", ""hoyse,,""]"
68,test_01901,Ei bedi ekta magi,Abusive/Violence,1,0,0,0,0,1,0,0,0,"[""Ei"", ""bedi"", ""ekta"", ""magi""]"
69,test_03356,Tumi dalal r hocche razakarer bap......amra chine gechi tomader....showup chilo shob😮,"Political, Personal Offense",1,1,0,0,1,0,0,0,0,"[""Tumi"", ""dalal"", ""r"", ""hocche"", ""razakarer"", ""bap......amra"", ""chine"", ""gechi"", ""tomader....showup"", ""chilo"", ""shob😮""]"
70,test_00966,Nuscha Bata bati,Personal Offense,1,0,0,0,1,0,0,0,0,"[""Nuscha"", ""Bata"", ""bati""]"
71,test_00977,Madari tui to boro jungi,Personal Offense,1,0,0,0,1,0,0,0,0,"[""Madari"", ""tui"", ""to"", ""boro"", ""jungi""]"
72,test_03079,Vowa docor r channel 2 jon e viral hote chascche.,Misc,1,0,0,0,0,0,0,0,1,"[""Vowa"", ""docor"", ""r"", ""channel"", ""2"", ""jon"", ""e"", ""viral"", ""hote"", ""chascche.""]"
73,test_00581,Liton das holo doler kufa,"Political, Personal Offense",1,1,0,0,1,0,0,0,0,"[""Liton"", ""das"", ""holo"", ""doler"", ""kufa""]"
74,test_01067,Baler league 😂😂😂😂,Political,1,1,0,0,0,0,0,0,0,"[""Baler"", ""league"", ""😂😂😂😂""]"
75,test_00692,"Vua beti, Feraune",Personal Offense,1,0,0,0,1,0,0,0,0,"[""Vua"", ""beti,"", ""Feraune""]"
76,test_00022,"Deshe shob kusi akta Fun hoia gese. Vua Prime minister, Vua doctor, Vua Teacher er ki baki ase??? Koto manush ara khun kortese but kono bicher hoitese na 🥲🥲🥲😡😡😡🤬🤬🤬🤬😡😡","Political, Abusive/Violence",1,1,0,0,0,1,0,0,0,"[""Deshe"", ""shob"", ""kusi"", ""akta"", ""Fun"", ""hoia"", ""gese."", ""Vua"", ""Prime"", ""minister,"", ""Vua"", ""doctor,"", ""Vua"", ""Teacher"", ""er"", ""ki"", ""baki"", ""ase???"", ""Koto"", ""manush"", ""ara"", ""khun"", ""kortese"", ""but"", ""kono"", ""bicher"", ""hoitese"", ""na"", ""🥲🥲🥲😡😡😡🤬🤬🤬🤬😡😡""]"
77,test_00459,Bainchuder baccha Golam Rony ry bolod sara ar kisu bolty parlam na halay sagol.,Abusive/Violence,1,0,0,0,0,1,0,0,0,"[""Bainchuder"", ""baccha"", ""Golam"", ""Rony"", ""ry"", ""bolod"", ""sara"", ""ar"", ""kisu"", ""bolty"", ""parlam"", ""na"", ""halay"", ""sagol.""]"
78,test_01886,Magir fuain senabahini Akon Koy .eitha deke na,"Gender, Abusive/Violence",1,0,0,1,0,1,0,0,0,"[""Magir"", ""fuain"", ""senabahini"", ""Akon"", ""Koy"", "".eitha"", ""deke"", ""na""]"
79,test_00346,Jar nai baper thik sea Kore awamilige ..... Aye rastay aye erpor dekay dibo,"Political, Personal Offense",1,1,0,0,1,0,0,0,0,"[""Jar"", ""nai"", ""baper"", ""thik"", ""sea"", ""Kore"", ""awamilige"", ""....."", ""Aye"", ""rastay"", ""aye"", ""erpor"", ""dekay"", ""dibo""]"
80,test_01160,Jati Apnr poton chay ✊,"Political, Personal Offense",1,1,0,0,1,0,0,0,0,"[""Jati"", ""Apnr"", ""poton"", ""chay"", ""✊""]"
81,test_01323,Aii sala re age uttom madshom din,Abusive/Violence,1,0,0,0,0,1,0,0,0,"[""Aii"", ""sala"", ""re"", ""age"", ""uttom"", ""madshom"", ""din""]"
82,test_02156,Lopor 2ta milce lopor lopor chera,Personal Offense,1,0,0,0,1,0,0,0,0,"[""Lopor"", ""2ta"", ""milce"", ""lopor"", ""lopor"", ""chera""]"
83,test_03277,Hetire onno kono beday nite cayna sejonno hetar kache ache..2ra sobar samne aisa je faltumigola kortechoc oigolu kon bongser poricoy ditacoc..,"Gender, Personal Offense",1,0,0,1,1,0,0,0,0,"[""Hetire"", ""onno"", ""kono"", ""beday"", ""nite"", ""cayna"", ""sejonno"", ""hetar"", ""kache"", ""ache..2ra"", ""sobar"", ""samne"", ""aisa"", ""je"", ""faltumigola"", ""kortechoc"", ""oigolu"", ""kon"", ""bongser"", ""poricoy"", ""ditacoc..""]"
84,test_03291,Na Vai..Allah k Mani...tui mim ar songsar bagcos...kanki,"Gender, Personal Offense",1,0,0,1,1,0,0,0,0,"[""Na"", ""Vai..Allah"", ""k"", ""Mani...tui"", ""mim"", ""ar"", ""songsar"", ""bagcos...kanki""]"
85,test_03006,"Sorry apu,ajke sharee poray apnake jogonno lagse","Gender, Body Shaming",1,0,0,1,0,0,0,1,0,"[""Sorry"", ""apu,ajke"", ""sharee"", ""poray"", ""apnake"", ""jogonno"", ""lagse""]"
86,test_01657,Bangladesh jaroj league,Political,1,1,0,0,0,0,0,0,0,"[""Bangladesh"", ""jaroj"", ""league""]"
87,test_00010,Corer jati sontras r osovbo jati. Ata kokono vlo hote parena,Origin,1,0,0,0,0,0,1,0,0,"[""Corer"", ""jati"", ""sontras"", ""r"", ""osovbo"", ""jati."", ""Ata"", ""kokono"", ""vlo"", ""hote"", ""parena""]"
88,test_00008,One reciest go to other reciest,Body Shaming,1,0,0,0,0,0,0,1,0,"[""One"", ""reciest"", ""go"", ""to"", ""other"", ""reciest""]"
89,test_00594,Keno be..ssa ki valo kaj korle take ki bes..sa Bola jabe na,"Personal Offense, Origin",1,0,0,0,1,0,1,0,0,"[""Keno"", ""be..ssa"", ""ki"", ""valo"", ""kaj"", ""korle"", ""take"", ""ki"", ""bes..sa"", ""Bola"", ""jabe"", ""na""]"
90,test_00593,"Faltu news,ata sob jaigai hoi pray",Personal Offense,1,0,0,0,1,0,0,0,0,"[""Faltu"", ""news,ata"", ""sob"", ""jaigai"", ""hoi"", ""pray""]"
91,test_01210,Nengti pora der saathe dadu...😂😂,Personal Offense,1,0,0,0,1,0,0,0,0,"[""Nengti"", ""pora"", ""der"", ""saathe"", ""dadu...😂😂""]"
92,test_03539,Mar salar potego,Abusive/Violence,1,0,0,0,0,1,0,0,0,"[""Mar"", ""salar"", ""potego""]"
93,test_03146,deshe kichu kuttar shongka bede geche... tader keo taranur beboshta korte hobe.....,Personal Offense,1,0,0,0,1,0,0,0,0,"[""deshe"", ""kichu"", ""kuttar"", ""shongka"", ""bede"", ""geche..."", ""tader"", ""keo"", ""taranur"", ""beboshta"", ""korte"", ""hobe.....""]"
94,test_03565,Hawwar Pola Bag An ttika,Personal Offense,1,0,0,0,1,0,0,0,0,"[""Hawwar"", ""Pola"", ""Bag"", ""An"", ""ttika""]"
95,test_01930,Family sikkha nai,Origin,1,0,0,0,0,0,1,0,0,"[""Family"", ""sikkha"", ""nai""]"
96,test_03212,Chatrolig mere pelte hobe ai dese ader thai nai,"Political, Abusive/Violence",1,1,0,0,0,1,0,0,0,"[""Chatrolig"", ""mere"", ""pelte"", ""hobe"", ""ai"", ""dese"", ""ader"", ""thai"", ""nai""]"
97,test_00132,Pitas na keno tora ai shalare akno...gari te bosaya keno rakce?,Abusive/Violence,1,0,0,0,0,1,0,0,0,"[""Pitas"", ""na"", ""keno"", ""tora"", ""ai"", ""shalare"", ""akno...gari"", ""te"", ""bosaya"", ""keno"", ""rakce?""]"
98,test_00983,Aei holo nogra muslim country at last traine niche 🤣🤣🤣🤣🤣🤣🤣🤣🤣🤣🤣🤣,Religious,1,0,1,0,0,0,0,0,0,"[""Aei"", ""holo"", ""nogra"", ""muslim"", ""country"", ""at"", ""last"", ""traine"", ""niche"", ""🤣🤣🤣🤣🤣🤣🤣🤣🤣🤣🤣🤣""]"
99,test_01155,Natok ar codan lagbe na re loti 😅,Personal Offense,1,0,0,0,1,0,0,0,0,"[""Natok"", ""ar"", ""codan"", ""lagbe"", ""na"", ""re"", ""loti"", ""😅""]"
100,test_02025,Faltu......thu thu thu........aowamilige...,Political,1,1,0,0,0,0,0,0,0,"[""Faltu......thu"", ""thu"", ""thu........aowamilige...""]"
